<?xml version="1.0" encoding="UTF-8" standalone="yes"?>
<manifest>
  <control namespace="ACC.D365.CE.PCF" constructor="ResourceAvailable" version="0.0.25" display-name-key="ResourceAvailable" description-key="ResourceAvailable description" control-type="standard" api-version="1.3.7">
    <external-service-usage enabled="false"/>
    <property name="FieldToBound" display-name-key="FieldToBound" description-key="Field To Bound" of-type="SingleLine.Text" usage="bound" required="true"/>
    <property name="FromDateField" display-name-key="FromDateField" description-key="From Date Field" of-type="DateAndTime.DateAndTime" usage="bound" required="true"/>
    <resources>
      <code path="bundle.js" order="1"/>
      <css path="css/ResourceAvailable.css" order="1"/>
    </resources>
    <feature-usage>
      <uses-feature name="WebAPI" required="true"/>
    </feature-usage>
    <built-by name="pac" version="1.28.2"/>
  </control>
</manifest>